-- Seed data para el estacionamiento

-- Crear secciones (columna: letra_seccion)
INSERT INTO seccion (id, letra_seccion) VALUES 
('11111111-1111-1111-1111-111111111111', 'A'),
('22222222-2222-2222-2222-222222222222', 'B'),
('33333333-3333-3333-3333-333333333333', 'C')
ON CONFLICT (id) DO NOTHING;

-- Crear espacios para Seccion A (estado es boolean: true=disponible, false=ocupado)
INSERT INTO espacio (id, numero, estado, "seccionId") VALUES 
('a1111111-1111-1111-1111-111111111111', 'A-01', true, '11111111-1111-1111-1111-111111111111'),
('a2222222-2222-2222-2222-222222222222', 'A-02', true, '11111111-1111-1111-1111-111111111111'),
('a3333333-3333-3333-3333-333333333333', 'A-03', true, '11111111-1111-1111-1111-111111111111'),
('a4444444-4444-4444-4444-444444444444', 'A-04', true, '11111111-1111-1111-1111-111111111111'),
('a5555555-5555-5555-5555-555555555555', 'A-05', true, '11111111-1111-1111-1111-111111111111')
ON CONFLICT (id) DO NOTHING;

-- Crear espacios para Seccion B
INSERT INTO espacio (id, numero, estado, "seccionId") VALUES 
('b1111111-1111-1111-1111-111111111111', 'B-01', true, '22222222-2222-2222-2222-222222222222'),
('b2222222-2222-2222-2222-222222222222', 'B-02', true, '22222222-2222-2222-2222-222222222222'),
('b3333333-3333-3333-3333-333333333333', 'B-03', true, '22222222-2222-2222-2222-222222222222')
ON CONFLICT (id) DO NOTHING;

-- Crear espacios para Seccion C
INSERT INTO espacio (id, numero, estado, "seccionId") VALUES 
('c1111111-1111-1111-1111-111111111111', 'C-01', true, '33333333-3333-3333-3333-333333333333'),
('c2222222-2222-2222-2222-222222222222', 'C-02', true, '33333333-3333-3333-3333-333333333333')
ON CONFLICT (id) DO NOTHING;

-- Crear tipos de tarifa (columnas: tipo_tarifa, precio_hora, precio_dia)
INSERT INTO tipo_tarifa (id, tipo_tarifa, precio_hora, precio_dia) VALUES 
('t1111111-1111-1111-1111-111111111111', 'Estándar', 2.50, 15.00),
('t2222222-2222-2222-2222-222222222222', 'Premium', 3.50, 20.00),
('t3333333-3333-3333-3333-333333333333', 'Económica', 1.50, 10.00)
ON CONFLICT (id) DO NOTHING;
